_unit_id,_golden,_unit_state,_trusted_judgments,_last_judgment_at,type_of_message,type_of_message:confidence,url_or_name_of_the_stationchannel,what,category,text_no_rt,tweet,type,type_of_message_gold,url_or_name_of_the_stationchannel_gold,user,what_gold
227174029,true,golden,7,11/25/2012 07:05:36,None of the above,0.8817,"N/A
n/a
N/A
N/A
NA
N/A
N/A","sandy was a weak ass bitch
sandy was a weak ass bitch
sandy was a weak ass bitch
yes there is schol tomoro.
NA
schol
checked the news. yes there is schol tomoro. sandy was a weak ass bitch",Informative (Direct or Indirect),checked the news. yes there is schol tomoro. sandy was a weak ass bitch,checked the news. yes there is schol tomoro. sandy was a weak ass bitch,Information Source,None of the above,,BrandoCummando,
227174030,true,golden,5,11/25/2012 07:13:17,Look at this photo or these photos,0.4002,"http://t.co/j6I531we
http://t.co/j6I531we
N/A
http://t.co/j6I531we
http://t.co/j6I531we","Hurricane #Sandy hits NYC hard with intense winds
Hurricane #Sandy hits NYC hard with intense winds
hits NYC hard with intense winds
Hurricane #Sandy hits NYC
Hurricane hits NYC hard with intense winds",Informative (Direct or Indirect),Hurricane #Sandy hits NYC hard with intense winds #Frankenstorm http://t.co/j6I531we,Hurricane #Sandy hits NYC hard with intense winds #Frankenstorm http://t.co/j6I531we,Information Source,"Look at this photo or these photos
None of the above",http://t.co/j6I531we,davidfig79,
227174031,true,golden,6,11/24/2012 04:04:24,None of the above,0.6951,"n/a
N/A
N/A
N/A
N/A
N/A","press conference LIVE now on #Sandy aftermath.
Mayor Bloomberg holding press conference LIVE
Mayor Bloomberg holding press conference
Mayor Bloomberg holding press conference LIVE now on
Mayor Bloomberg holding press conference
N/A",Informative (Direct or Indirect),Mayor Bloomberg holding press conference LIVE now on #Sandy aftermath.,RT @HuffingtonPost: Mayor Bloomberg holding press conference LIVE now on #Sandy aftermath.,Information Source,None of the above,,HurricSandyNews,
227174032,true,golden,1,11/24/2012 22:17:12,Look at this video or these videos,1.0,http://t.co/eofIJ7Fe,Statue of Liberty,Informative (Direct or Indirect),RT @mrspantsworth: Statue of Liberty Torchcam - gives you some idea of the force of #sandy http://t.co/eofIJ7Fe,RT @dirtymondaze: RT @mrspantsworth: Statue of Liberty Torchcam - gives you some idea of the force of #sandy http://t.co/eofIJ7Fe,Information Source,Look at this web site/page,http://t.co/eofIJ7Fe,loloster,some idea of the force of #sandy
227174033,true,golden,2,11/23/2012 02:49:17,Look at this web site/page,0.5455,"http://t.co/eCGqw1ek
http://t.co/eCGqw1ek","images from the empty #NYC subways
from the empty #NYC subways",Informative (Direct),even the rats left town RT @YGNw: Eery images from the empty #NYC subways http://t.co/eCGqw1ek #sandy,even the rats left town RT @YGNw: Eery images from the empty #NYC subways http://t.co/eCGqw1ek #sandy,Information Source,Look at this photo or these photos,http://t.co/eCGqw1ek,dc_fusion,Eery images from the empty #NYC subways
227174034,true,golden,7,11/25/2012 07:09:18,None of the above,1.0,"N/A
n/a
N/A
N/A
N/A
N/A
N/A","BEST LIVE updates on the unfolding Hurricane Sandy situation in NYC
LIVE updates on the unfolding Hurricane Sandy situation in NYC
unfolding Hurricane Sandy situation in NYC follow
BEST LIVE updates on the unfolding Hurricane Sandy situation in NYC
N/A
Hurricane Sandy
updates on the unfolding Hurricane Sandy",Informative (Direct),BEST LIVE updates on the unfolding Hurricane Sandy situation in NYC follow live tweeting from the scene!,BEST LIVE updates on the unfolding Hurricane Sandy situation in NYC follow live tweeting from the scene!,Information Source,None of the above,,DowagerDuchessR,
227174035,true,golden,5,11/24/2012 14:30:06,Look at this photo or these photos,1.0,"http://t.co/09U9L5rW
http://t.co/09U9L5rW
http://photoblog.nbcnews.com/_news/2012/10/30/14809600-hurricane-sandy-leaves-surreal-scenes-in-its-wake?lite
http://t.co/09U9L5rW
http://t.co/09U9L5rW","Photos of the unbelievable scenes left in #Hurricane #Sandy's wake
Photos of the unbelievable scenes
Hurricane Sandy Leaves Surreal Scenes in Its Wake
unbelievable scenes left in #Hurricane #Sandy's wake
Photos of the unbelievable scenes left in #Hurricane #Sandy's wake",Informative (Direct),Photos of the unbelievable scenes left in #Hurricane #Sandy's wake http://t.co/09U9L5rW #NYC #NJ,RT @NBCNewsPictures: Photos of the unbelievable scenes left in #Hurricane #Sandy's wake http://t.co/09U9L5rW #NYC #NJ,Information Source,Look at this photo or these photos,http://t.co/09U9L5rW,Englishmuffin10,unbelievable scenes left in #Hurricane #Sandy's wake
227174036,true,golden,3,11/24/2012 22:17:12,Look at this web site/page,0.7237,"http://t.co/DkPjVctS
http://t.co/DkPjVctS
http://t.co/DkPjVctS","An inside look at NYU hospital's near disaster amid #Sandy
inside look at NYU hospital's near disaster amid #Sandy
NYU hospital's",Informative (Direct),An inside look at NYU hospital's near disaster amid #Sandy by @DrLaPook http://t.co/DkPjVctS,RT @CBSThisMorning: An inside look at NYU hospital's near disaster amid #Sandy by @DrLaPook http://t.co/DkPjVctS,Information Source,Look at this video or these videos, http://t.co/DkPjVctS,joeperrone,inside look at NYU hospital
227174037,true,golden,3,11/23/2012 18:20:00,Look at this photo or these photos,1.0,"http://t.co/MiGmwQRs
http://t.co/MiGmwQRs
http://t.co/MiGmwQRs","Possibly one of the most amazing things I've ever seen.
TombOfTheUnknownSoldier
#TombOfTheUnknownSoldie",Informative (Direct),Possibly one of the most amazing things I've ever seen. #TombOfTheUnknownSoldier #Sandy http://t.co/MiGmwQRs,RT @RichR11: Possibly one of the most amazing things I've ever seen. #TombOfTheUnknownSoldier #Sandy http://t.co/MiGmwQRs,Information Source,Look at this photo or these photos, http://t.co/MiGmwQRs,KMertzzz,TombOfTheUnknownSoldier
227174038,true,golden,2,11/24/2012 22:35:28,Look at this photo or these photos,1.0,"http://t.co/wd2zww1M
http://t.co/wd2zww1M","Real time instagram pics of the #Sandy happenings in NYC
Sandy",Informative (Direct),Real time instagram pics of the #Sandy happenings in NYC ! http://t.co/wd2zww1M via @konbini,Real time instagram pics of the #Sandy happenings in NYC ! http://t.co/wd2zww1M via @konbini,Information Source,Look at this photo or these photos,http://t.co/wd2zww1M,Lolakakon,"pics of the #Sandy happenings
Real time instagram pics of the #Sandy happenings in NYC
of the #Sandy happenings in NYC !
instagram pics
Real time instagram pics
Real time instagram pics of the #Sandy happenings in NYC !"
227174039,true,golden,5,11/25/2012 07:05:36,Look at this video or these videos,1.0,"http://t.co/kRWlHaXN
http://t.co/kRWlHaXN
http://t.co/kRWlHaXN
http://t.co/kRWlHaXN
http://t.co/kRWlHaXN","Hurricane Sandy | Kill Confirmed
Hurricane Sandy | Kill Confirmed
MW3 :: Hurricane Sandy | Kill Confirmed
Hurricane Sandy | Kill Confirmed
I uploaded a @YouTube video http://t.co/kRWlHaXN MW3 :: Hurricane Sandy | Kill Confirmed",Informative (Direct),I uploaded a @YouTube video http://t.co/kRWlHaXN MW3 :: Hurricane Sandy | Kill Confirmed,I uploaded a @YouTube video http://t.co/kRWlHaXN MW3 :: Hurricane Sandy | Kill Confirmed,Information Source,Look at this video or these videos,http://t.co/kRWlHaXN MW3,PyroXL,Hurricane Sandy
227174040,true,golden,5,11/24/2012 14:25:36,Look at this photo or these photos,0.806,"http://t.co/hpANdaW2
http://t.co/hpANdaW2
http://t.co/hpANdaW2
N/A
http://t.co/hpANdaW2","This is by far one of the most ominous shots from NYC!
by far one of the most ominous shots from NYC
ominous shots from NYC

most ominous shots from NYC",Informative (Direct),This is by far one of the most ominous shots from NYC! Good luck friends and family. God speed folks! #sandy http://t.co/hpANdaW2,This is by far one of the most ominous shots from NYC! Good luck friends and family. God speed folks! #sandy http://t.co/hpANdaW2,Information Source,Look at this photo or these photos,http://t.co/hpANdaW2,TheToddHarris,one of the most ominous shots from NYC
227174041,true,golden,2,11/23/2012 16:11:21,Look at this video or these videos,1.0,"http://t.co/4C78dm5H
http://t.co/4C78dm5H","Watch Hurricane #Sandy prowling the East Coast up to the morning in a timelapse video of satellite images.
Sandy prowling the East Coast up to the morning in a timelapse video of satellite images",Informative (Indirect),Watch Hurricane #Sandy prowling the East Coast up to the morning in a timelapse video of satellite images. http://t.co/4C78dm5H,RT @NASA: Watch Hurricane #Sandy prowling the East Coast up to the morning in a timelapse video of satellite images. http://t.co/4C78dm5H,Information Source,Look at this video or these videos,http://t.co/4C78dm5H,_KieranJD_,Hurricane #Sandy prowling the East Coast
227174042,true,golden,5,11/25/2012 07:05:36,Watch this TV channel (or: I am watching this channel),0.3538,"http://t.co/H9FXzHLQ
http://t.co/H9FXzHLQ
NA
http://t.co/H9FXzHLQ
http://t.co/H9FXzHLQ","US President @barackobama arrives
barackobama arrives in Atlantic City
US President @barackobama arrives in Atlantic City New Jersey
barackobama
US President @barackobama arrives in Atlantic City New Jersey to inspect damage caused by",Informative (Indirect),LIVE: US President @barackobama arrives in Atlantic City New Jersey to inspect damage caused by#Sandy http://t.co/H9FXzHLQ,RT @BBCBreaking: LIVE: US President @barackobama arrives in Atlantic City New Jersey to inspect damage caused by#Sandy http://t.co/H9FXzHLQ,Information Source,Look at this video or these videos," http://t.co/H9FXzHLQ
http://www.bbc.co.uk/news/world-us-canada-20152684#TWEET323023",AllisonGolds,"@barackobama arrives in Atlantic City New Jersey to inspect damage
US President @barackobama arrives in Atlantic City New Jersey to inspect damage caused by#Sandy
US President @barackobama arrives
@barackobama arrives in Atlantic City New Jersey to inspect damage"
227174043,true,golden,4,11/25/2012 07:09:18,Look at this photo or these photos,1.0,"http://t.co/1UE9LQWw
http://t.co/1UE9LQWw
http://t.co/1UE9LQWw
http://t.co/1UE9LQWw","Pictures: Recovery starts after deadly storm Sandy
Recovery starts after deadly storm Sandy
Recovery starts after deadly storm Sandy
Recovery starts after deadly storm",Informative (Indirect),In Pictures: Recovery starts after deadly storm Sandy http://t.co/1UE9LQWw,In Pictures: Recovery starts after deadly storm Sandy http://t.co/1UE9LQWw,Information Source,Look at this photo or these photos,http://t.co/1UE9LQWw,anummedia,Recovery starts after deadly storm
227174044,true,golden,2,11/24/2012 22:17:12,Look at this web site/page,0.5882,"http://t.co/AyEyfY4k
http://t.co/AyEyfY4k","Hurricane Sandy Aftermath
Hurricane Sandy Aftermath",Informative (Indirect),Photos: The Hurricane Sandy Aftermath: She came she saw she destroyed. http://t.co/AyEyfY4k #Sandy #P2 #Weather,RT @FLH57: Photos: The Hurricane Sandy Aftermath: She came she saw she destroyed. http://t.co/AyEyfY4k #Sandy #P2 #Weather,Information Source,Look at this photo or these photos,http://t.co/AyEyfY4k,arundevkr, Hurricane Sandy Aftermath
227174046,true,golden,6,11/24/2012 22:10:58,Look at this photo or these photos,1.0,"http://t.co/RyS0MRH5
http://t.co/RyS0MRH5
http://t.co/FXYaYjIb
http://t.co/RyS0MRH5
http://t.co/RyS0MRH5
http://t.co/RyS0MRH5","tanker was washed onto Staten Island's shore by #Sandy!
tanker was washed onto Staten Island's shore by #Sandy!
This tanker was washed onto Staten Island's shore
This tanker was washed onto Staten Island's shore by #Sandy!
This tanker was washed onto Staten Island's shore
tanker",Informative (Indirect),This tanker was washed onto Staten Island's shore by #Sandy! Incredible photo: http://t.co/RyS0MRH5 More here: http://t.co/FXYaYjIb,RT @HuffingtonPost: This tanker was washed onto Staten Island's shore by #Sandy! Incredible photo: http://t.co/RyS0MRH5 More here: http://t.co/FXYaYjIb,Information Source,Look at this photo or these photos,http://t.co/RyS0MRH5 / http://t.co/FXYaYjIb,bianca_lutai,tanker was washed onto Staten Island's shore
227174047,true,golden,6,11/25/2012 07:09:18,None of the above,0.8236,"N/A
N/A
N/A
N/A
N/A
N/A","Governor to give #Sandy briefing at 11:15am
Governor to give #Sandy briefing at 11:15am at #NYC office
Governor to give #Sandy briefing
Sandy briefing at 11:15am
Governor
Governor to give briefing at 11:15am at #NYC office",Informative (Indirect),BREAKING: Governor to give #Sandy briefing at 11:15am at #NYC office,RT @NYGovCuomo: BREAKING: Governor to give #Sandy briefing at 11:15am at #NYC office,Information Source,None of the above,,CapitalTonight,
227174048,true,golden,6,11/24/2012 22:17:12,Look at this photo or these photos,1.0,"http://t.co/r25PQ3lT
http://t.co/r25PQ3lT
http://www.staffingtalk.com/sandy-pic-tomb-of-the-unknown-soldier/
http://t.co/r25PQ3lT
http://t.co/r25PQ3lT
http://t.co/r25PQ3lT","Tomb of the Unknown Soldier
Tomb of the Unknown Soldier
This article was written by Gregg Dourgarian
Tomb of the Unknown Soldier
Tomb of the Unknown Soldier
Tomb of the Unknown Soldier",Informative (Indirect),Sandy Pic: Tomb of the Unknown Soldier http://t.co/r25PQ3lT via @sharethis #blesstheUSA,Sandy Pic: Tomb of the Unknown Soldier http://t.co/r25PQ3lT via @sharethis #blesstheUSA,Information Source,Look at this photo or these photos,http://t.co/r25PQ3lT,ChrisMader30,Tomb of the Unknown Soldier
227174049,true,golden,9,11/25/2012 07:05:36,Look at this photo or these photos,0.8711,"http://t.co/ZYbZo5Re
http://t.co/ZYbZo5Re
http://t.co/ZYbZo5Re
http://t.co/ZYbZo5Re
https://twitter.com/ChuckyT3/status/263027069959675904/photo/1
http://t.co/ZYbZo5Re
http://t.co/ZYbZo5Re
http://t.co/ZYbZo5Re
http://t.co/ZYbZo5Re","Statue of Liberty preps for the arrival of #Sandy
Statue of Liberty preps for the arrival of #Sandy
Statue of Liberty preps for the arrival of #Sandy
Statue of Liberty preps for the arrival of #Sandy
Statue of Liberty pic
Statue of Liberty
Statue of Liberty
Statue of Liberty preps for the arrival of #Sandy
Statue of Liberty preps for the arrival of",Informative (Indirect),Statue of Liberty preps for the arrival of #Sandy. #NYC (don't know origin of pic) http://t.co/ZYbZo5Re,Statue of Liberty preps for the arrival of #Sandy. #NYC (don't know origin of pic) http://t.co/ZYbZo5Re,Information Source,Look at this photo or these photos,http://t.co/ZYbZo5Re,ChuckyT3,Statue of Liberty 
227174050,true,golden,5,11/24/2012 22:14:55,Look at this web site/page,0.5943,"http://t.co/PXvVbOv4
http://t.co/PXvVbOv4
http://t.co/PXvVbOv4
http://google.org/crisismap/sandy-2012
http://t.co/PXvVbOv4","RT @usefularts
storm data tracking map
@google's storm data tracking map
storm data tracking map
google's storm data tracking map",Informative (Indirect),RT @usefularts: Have you seen @google's storm data tracking map? Adding time lapse for context would be nice http://t.co/PXvVbOv4 #ddj #data,RT @ddjournalism: RT @usefularts: Have you seen @google's storm data tracking map? Adding time lapse for context would be nice http://t.co/PXvVbOv4 #ddj #data,Information Source,Look at this web site/page,"http://t.co/PXvVbOv4
http://google.org/crisismap/sandy-2012
http://t.co/PXvVbOv4 #ddj #data",ConsultRamy," @google's storm data tracking map
@google's storm data tracking map
storm data
storm data tracking map"
227174051,true,golden,4,11/23/2012 16:11:21,Look at this web site/page,0.5252,"http://t.co/xZgyzZzO
http://t.co/xZgyzZzO
http://t.co/xZgyzZzO
http://t.co/xZgyzZzO","Bush's FEMA director Scott Brown
Bush's FEMA director Scott Brown criticizes Obama for responding to Sandy too ""quickly""
FEMA director Scott Brown criticizes Obama for responding to Sandy too ""quickly""
Bush's FEMA director Scott Brown criticizes Obama for responding to Sandy too ""quickly",Informative (Indirect),"But... RT @thinkprogress: Bush's FEMA director Scott Brown criticizes Obama for responding to Sandy too ""quickly"" http://t.co/xZgyzZzO","RT @DerekIsNormal: But... RT @thinkprogress: Bush's FEMA director Scott Brown criticizes Obama for responding to Sandy too ""quickly"" http://t.co/xZgyzZzO",Information Source,None of the above,,CrwnedVic,
227174052,true,golden,8,11/24/2012 22:32:41,Look at this photo or these photos,1.0,"http://t.co/1tslqlAn
http://t.co/1tslqlAn
http://t.co/1tslqlAn
http://t.co/1tslqlAn
http://t.co/1tslqlAn
http://t.co/1tslqlAn
http://t.co/1tslqlAn
http://t.co/1tslqlAn","0 photos of NYC hurricane aftermath
What the flood?! 10 photos of NYC hurricane aftermath:
10 photos of NYC hurricane aftermath
NYC hurricane aftermath
10 photos of NYC hurricane aftermath
10 photos of NYC hurricane aftermath
10 photos of NYC hurricane aftermath
NYC hurricane",Informative (Indirect),ÌÄ®ÕÌâå_ÌÄ®ÕÌâå_ÌÄ®ÕÌâåÂ@MTV: What the flood?! 10 photos of NYC hurricane aftermath: http://t.co/1tslqlAn #SandySucksÌÄ®ÕÌâå_ÌÄ®ÕÌâå_ÌÄ‰Û_Ìâå holy shit... So sad_ÌÄ®ÕÌâå«ÌÄ®ÕÌ¢‰âÂ‰ÛÏÌÄ‰Û_Ì¢‰âÂÁ,ÌÄ®ÕÌâå_ÌÄ®ÕÌâå_ÌÄ®ÕÌâåÂ@MTV: What the flood?! 10 photos of NYC hurricane aftermath: http://t.co/1tslqlAn #SandySucksÌÄ®ÕÌâå_ÌÄ®ÕÌâå_ÌÄ‰Û_Ìâå holy shit... So sad_ÌÄ®ÕÌâå«ÌÄ®ÕÌ¢‰âÂ‰ÛÏÌÄ‰Û_Ì¢‰âÂÁ,Information Source,Look at this photo or these photos,http://t.co/1tslqlAn ,csughrue,10 photos of NYC hurricane aftermath
227174053,true,golden,6,11/24/2012 22:10:58,Look at this video or these videos,0.5403,"http://t.co/AvdeDZIU
http://t.co/AvdeDZIU
http://t.co/AvdeDZIU
http://t.co/AvdeDZIU
http://t.co/AvdeDZIU
http://t.co/AvdeDZIU","4 great live streaming webcams
Fager's Island in Ocean City MD as #Sandy moves in
streaming webcams from Fager's Island in Ocean City MD
4 great live streaming webcams
4 great live streaming webcams from Fager's Island in Ocean City MD
live streaming webcams",Informative (Indirect),4 great live streaming webcams from Fager's Island in Ocean City MD as #Sandy moves in http://t.co/AvdeDZIU,RT @stormchaser4850: 4 great live streaming webcams from Fager's Island in Ocean City MD as #Sandy moves in http://t.co/AvdeDZIU,Information Source,Look at this web site/page,http://t.co/AvdeDZIU,Dennix30, Fager's Island in Ocean City MD
227174054,true,golden,9,11/25/2012 07:05:36,Look at this web site/page,0.6837,"http://t.co/Beub7P3E
http://t.co/Beub7P3E
http://t.co/Beub7P3E
http://blogs.scientificamerican.com/observations/2012/10/29/the-science-of-hurricane-sandy-liveblog/
http://t.co/Beub7P3E
http://blogs.scientificamerican.com/observations/2012/10/29/the-science-of-hurricane-sandy-liveblog/
http://t.co/Beub7P3E
http://t.co/Beub7P3E
http://t.co/Beub7P3E","The Science of Hurricane
The Science of Hurricane Sandy Liveblog
The Science of Hurricane Sandy Liveblog
Welcome to Scientific American‘s Science of Sandy live blog where we are posting continuous updates on the storm and its aftermath, and answering your questions
The Science of Hurricane Sandy Liveblog
The Science of Hurricane Sandy- LiveBlog
The Science of Hurricane Sandy
Hurricane Sandy
The Science of Hurricane Sandy",Informative (Indirect),The Science of Hurricane Sandy Liveblog http://t.co/Beub7P3E,RT @sciam: The Science of Hurricane Sandy Liveblog http://t.co/Beub7P3E,Information Source,"Look at this photo or these photos
Look at this web site/page","http://t.co/Beub7P3E
http://www.earthcam.com/usa/newyork/statueofliberty/index.php?cam=liberty_hd",DeobandTablighi,"Science of Hurricane Sandy
The Science of Hurricane Sandy Liveblog
The Science of Hurricane
http://www.earthcam.com/usa/newyork/statueofliberty/index.php?cam=liberty_hd
The Science of Hurricane Sandy Liveblog
The Science of Hurricane Sandy
Sandy Liveblog
Science of Hurricane Sandy"
227174055,true,golden,6,11/24/2012 22:14:55,Look at this web site/page,0.6768,"http://t.co/GKrfn4Qf
http://t.co/GKrfn4Qf
http://t.co/GKrfn4Qf
http://t.co/GKrfn4Qf
http://t.co/GKrfn4Qf
http://t.co/GKrfn4Qf","biggest storms of our lifetimes
One of the biggest storms of our lifetimes is unfolding right now
NEWS
One of the biggest storms of our lifetimes is unfolding right now
One of the biggest storms of our lifetimes is unfolding right now
biggest storms",Informative (Indirect),"GET THIS NEWS: ""One of the biggest storms of our lifetimes is unfolding right now."" http://t.co/GKrfn4Qf","RT @BlackGlamGoth: GET THIS NEWS: ""One of the biggest storms of our lifetimes is unfolding right now."" http://t.co/GKrfn4Qf",Information Source,Look at this web site/page,"http://t.co/GKrfn4Qf
http://www.nytimes.com/2012/10/30/us/hurricane-sandy-churns-up-east-coast.html?smid=tw-nytimes&_r=0",DigitalDDynasty,"""One of the biggest storms of our lifetimes is unfolding right now.""
One of the biggest storms of our lifetimes is unfolding right now
One of the biggest storms of our lifetimes
Storm Barrels Through Region, Leaving Destructive Path"
227174056,true,golden,5,11/25/2012 07:17:24,Look at this web site/page,0.5923,"http://t.co/F1H6cWCh
http://t.co/F1H6cWCh
http://t.co/F1H6cWCh
http://t.co/F1H6cWCh
http://t.co/F1H6cWCh","urricane #Sandy dashboard for #NYC
hurricane #Sandy dashboard for #NYC
hurricane #Sandy dashboard for #NYC
hurricane #Sandy
hurricane Sandy dashboard",Informative (Indirect),hurricane #Sandy dashboard for #NYC http://t.co/F1H6cWCh created by @melanarchy #graphs #weather,RT @noahsussman: hurricane #Sandy dashboard for #NYC http://t.co/F1H6cWCh created by @melanarchy #graphs #weather,Information Source,Look at this web site/page,http://t.co/F1H6cWCh ,edgar,hurricane #Sandy dashboard
227174058,true,golden,2,11/25/2012 07:09:18,Look at this web site/page,1.0,"http://t.co/BSg6NwXP
http://t.co/BSg6NwXP","webcams to provide a high-and-dry look at Hurricane Sandy
Cool collection of webcams to provide a high-and-dry look at Hurricane",Informative (Indirect),Cool collection of webcams to provide a high-and-dry look at Hurricane Sandy http://t.co/BSg6NwXP via @USATODAY,RT @ndiblasio: Cool collection of webcams to provide a high-and-dry look at Hurricane Sandy http://t.co/BSg6NwXP via @USATODAY,Information Source,Look at this web site/page,"http://t.co/BSg6NwXP
http://www.usatoday.com/story/news/nation/2012/10/29/webcams-hurricane-sandy/1666433/",eldavixxl,"high-and-dry look at Hurricane Sandy 
Cool collection of webcams to provide a high-and-dry look at Hurricane Sandy
Webcams provide a high-and-dry look at Hurricane Sandy
Cool collection of webcams"
227174059,true,golden,10,11/25/2012 07:09:18,Look at this photo or these photos,0.7831,"http://t.co/aCsL511x
http://t.co/aCsL511x
http://t.co/aCsL511x
http://t.co/aCsL511x
http://t.co/aCsL511x
http://t.co/aCsL511x
http://t.co/aCsL511x
http://t.co/aCsL511x
http://t.co/aCsL511x
http://t.co/aCsL511x","New York flooded by Tropical Storm
New York flooded by Tropical Storm Sandy
New York flooded by Tropical Storm Sandy
New York flooded by Tropical Storm Sandy
New York flooded by Tropical Storm Sandy
New York flooded by Tropical Storm Sandy
New York flooded by Tropical Storm Sandy
New York flooded by Tropical Storm Sandy
New York flooded
New York flooded by Tropical Storm",Informative (Indirect),BBC News - In pictures: New York flooded by Tropical Storm Sandy http://t.co/aCsL511x,BBC News - In pictures: New York flooded by Tropical Storm Sandy http://t.co/aCsL511x,Information Source,Look at this photo or these photos,"http://t.co/aCsL511x
http://www.bbc.co.uk/news/world-us-canada-20119631",Elysium_UK,"New York flooded
New York flooded by Tropical Storm Sandy
New York flooded by Tropical Storm"
227174060,false,finalized,3,11/24/2012 05:48:52,Look at this video or these videos,1.0,"http://t.co/k4hRRVrC
http://t.co/k4hRRVrC
http://t.co/k4hRRVrC","Sandy's assault on NYC
Timelapse video shows Sandy's assault on NYC and the moment the lights went out
Sandy's assault on NYC and the moment the lights went out",Informative (Indirect),VIDEO: Timelapse video shows Sandy's assault on NYC and the moment the lights went out. http://t.co/k4hRRVrC,RT @Jalopnik: VIDEO: Timelapse video shows Sandy's assault on NYC and the moment the lights went out. http://t.co/k4hRRVrC,Information Source,,,Eric_Kanavathi,
227174061,false,finalized,3,11/24/2012 22:35:28,Look at this photo or these photos,1.0,"http://t.co/9rznNcKy
http://t.co/9rznNcKy
http://t.co/9rznNcKy","storm damage
dramatic photos of storm damage
storm damage:",Informative (Indirect),Some dramatic photos of storm damage: http://t.co/9rznNcKy,Some dramatic photos of storm damage: http://t.co/9rznNcKy,Information Source,,,foulknews,
227174062,false,finalized,3,11/24/2012 05:56:17,Look at this photo or these photos,0.6553,"N/A
N/A
http://t.co/RpZrXIUT","Atlantic City in a flood zone -&gt; 1 to 5 ft water depths reported!
Breathtaking view of #Sandy from space
Show Hurricane Sandy's Effects So Far",Informative (Indirect),Breathtaking view of #Sandy from space.. On the ground places like Atlantic City in a flood zone -&gt; 1 to 5 ft water depths reported!,Breathtaking view of #Sandy from space.. On the ground places like Atlantic City in a flood zone -&gt; 1 to 5 ft water depths reported!,Information Source,,,Gary_Archibald,
227174063,false,finalized,3,11/24/2012 22:30:05,Look at this photo or these photos,0.7237,"http://t.co/wRmvMA5m
http://t.co/wRmvMA5m
http://t.co/wRmvMA5m","#Sandy - jetskier down Battery Park #NYC #newyorkcity
jetskier down Battery Park
Battery Park",Informative (Indirect),#Sandy - jetskier down Battery Park #NYC #newyorkcity vid soon youtube - OpieRadio http://t.co/wRmvMA5m,RT @OpieRadio: #Sandy - jetskier down Battery Park #NYC #newyorkcity vid soon youtube - OpieRadio http://t.co/wRmvMA5m,Information Source,,,GaryJ06,
227174064,false,finalized,3,11/25/2012 07:13:17,Look at this video or these videos,1.0,"http://t.co/QDfCfmgD
http://t.co/QDfCfmgD
http://t.co/QDfCfmgD","amazing Hurricane Sandy time-lapse video
http://t.co/QDfCfmgD
Watch this amazing Hurricane Sandy time-lapse video that shows the moment the lights went out",Informative (Indirect),Watch this amazing Hurricane Sandy time-lapse video that shows the moment the lights went out in NYC: http://t.co/QDfCfmgD,RT @raywert: Watch this amazing Hurricane Sandy time-lapse video that shows the moment the lights went out in NYC: http://t.co/QDfCfmgD,Information Source,,,GidgetWA,
227174065,false,finalized,3,11/25/2012 07:13:17,Look at this photo or these photos,1.0,"http://t.co/fPNelP3M
http://t.co/fPNelP3M
http://t.co/fPNelP3M","Eery images from the empty #NYC subways
empty #NYC subways
Eery images from the empty subways",Informative (Indirect),Eery images from the empty #NYC subways - http://t.co/fPNelP3M #sandy,RT @mashable: Eery images from the empty #NYC subways - http://t.co/fPNelP3M #sandy,Information Source,,,iamonlynadine,
227174066,false,finalized,3,11/24/2012 22:32:41,Look at this photo or these photos,0.6408,"http://t.co/Xw5m59H8
http://t.co/Xw5m59H8
http://t.co/Xw5m59H8","rischkopp: Wahnsinn
Shocking Photos After the Devastation of Hurricane Sandy
Hurricane Sandy",Informative (Indirect),Heftig.... #sandy RT @frischkopp: Wahnsinn! The Most Shocking Photos After the Devastation of Hurricane Sandy http://t.co/Xw5m59H8,Heftig.... #sandy RT @frischkopp: Wahnsinn! The Most Shocking Photos After the Devastation of Hurricane Sandy http://t.co/Xw5m59H8,Information Source,,,ihbrune,
227174067,false,finalized,3,11/24/2012 22:38:25,Look at this web site/page,0.6709,"http://t.co/DfDc4rkI
http://t.co/DfDc4rkI
http://t.co/DfDc4rkI","Hurricane Sandy Shows We Need To Prepare For Climate Change
Hurricane Sandy Shows We Need To Prepare For Climate Change Cuomo And Bloomberg Say
We Need To Prepare For Climate Change Cuomo",Informative (Indirect),Hurricane Sandy Shows We Need To Prepare For Climate Change Cuomo And Bloomberg Say http://t.co/DfDc4rkI via @HuffingtonPost,Hurricane Sandy Shows We Need To Prepare For Climate Change Cuomo And Bloomberg Say http://t.co/DfDc4rkI via @HuffingtonPost,Information Source,,,Jelani_Jones,
227174068,false,finalized,3,11/25/2012 07:13:17,Look at this web site/page,0.647,"http://t.co/H9FXzHLQ
http://t.co/H9FXzHLQ
http://t.co/H9FXzHLQ","barackobama arrives in Atlantic City
US President @barackobama arrives in Atlantic City New Jersey to inspect damage caused by#Sandy
US President barackobama arrives in Atlantic City New Jersey",Informative (Indirect),LIVE: US President @barackobama arrives in Atlantic City New Jersey to inspect damage caused by#Sandy http://t.co/H9FXzHLQ,RT @BBCBreaking: LIVE: US President @barackobama arrives in Atlantic City New Jersey to inspect damage caused by#Sandy http://t.co/H9FXzHLQ,Information Source,,,julieragolia,
227174069,false,finalized,3,11/24/2012 22:35:28,Look at this photo or these photos,1.0,"http://t.co/E46e2sSi
http://t.co/E46e2sSi
http://t.co/E46e2sSi","View of crane on W 57th street through a telescope
View of crane on W 57th street through a telescope
View of crane on W 57th street",Informative (Indirect),Wow! RT @AlexJamesFitz: RT @weeddude: Photo: View of crane on W 57th street through a telescope http://t.co/E46e2sSi (@cmwdotme) #NYC #Sandy,RT @agreatbigcity: Wow! RT @AlexJamesFitz: RT @weeddude: Photo: View of crane on W 57th street through a telescope http://t.co/E46e2sSi (@cmwdotme) #NYC #Sandy,Information Source,,,JustJay74,
227174070,false,finalized,3,11/25/2012 07:17:24,None of the above,0.6053,"http://t.co/LeyrkpRO
http://t.co/LeyrkpRO
http://t.co/LeyrkpRO","Mortgage servicers don't need approval from @fanniemae to grant disaster relief forbearance
Mortgage servicers don't need approval from @fanniemae to grant disaster relief forbearance
Mortgage servicers don't need approval from fanniemae to grant disaster relief forbearance",Informative (Indirect),Mortgage servicers don't need approval from @fanniemae to grant disaster relief forbearance http://t.co/LeyrkpRO #Sandy,Mortgage servicers don't need approval from @fanniemae to grant disaster relief forbearance http://t.co/LeyrkpRO #Sandy,Information Source,,,KYWeise,
227174071,false,finalized,4,11/25/2012 07:17:24,Look at this photo or these photos,0.7313,"http://t.co/RpZrXIUT
http://t.co/t88apVoO
http://t.co/RpZrXIUT
http://t.co/RpZrXIUT","Reader Photos Show Hurricane
NYC has been abandoned because of hurricane #Sandy
Hurricane Sandy's Effects
Reader Photos Show Hurricane Sandy's Effects So Far",Informative (Indirect),Reader Photos Show Hurricane Sandy's Effects So Far http://t.co/RpZrXIUT,Reader Photos Show Hurricane Sandy's Effects So Far http://t.co/RpZrXIUT,Information Source,,,LarchmontDV,
227174072,false,finalized,4,11/25/2012 07:17:24,Look at this video or these videos,0.5455,"http://t.co/wRmvMA5m
OpieRadio
http://t.co/wRmvMA5m
http://t.co/wRmvMA5m","jetskier down Battery Park
jetskier down Battery Park
jetskier down Battery Park #NYC
jetskier down Battery Park",Informative (Indirect),#Sandy - jetskier down Battery Park #NYC #newyorkcity vid soon youtube - OpieRadio http://t.co/wRmvMA5m,RT @OpieRadio: #Sandy - jetskier down Battery Park #NYC #newyorkcity vid soon youtube - OpieRadio http://t.co/wRmvMA5m,Information Source,,,memeseeker,
227174073,false,finalized,3,11/24/2012 22:43:46,Look at this video or these videos,1.0,"http://t.co/N188sBX0
http://t.co/N188sBX0
http://t.co/N188sBX0","Created a timelapse of hurricane
timelapse of hurricane #Sandy passing through 42nd & 10th New York
hurricane #Sandy",Informative (Indirect),Created a timelapse of hurricane #Sandy passing through 42nd & 10th New York http://t.co/N188sBX0,RT @glunardi: Created a timelapse of hurricane #Sandy passing through 42nd & 10th New York http://t.co/N188sBX0,Information Source,,,migueldeicaza,
227174074,false,finalized,3,11/24/2012 22:35:28,Look at this web site/page,0.6709,"http://t.co/8QvR3C6u
http://t.co/8QvR3C6u
http://t.co/8QvR3C6u","Awesome interactive #Sandy map from Google
interactive #Sandy map
Sandy map",Informative (Indirect),Nice RT @Slate Awesome interactive #Sandy map from Google pinpointing emergency shelter traffic conditions and more: http://t.co/8QvR3C6u,Nice RT @Slate Awesome interactive #Sandy map from Google pinpointing emergency shelter traffic conditions and more: http://t.co/8QvR3C6u,Information Source,,,MJ_Tom_Skoch,
227174075,false,finalized,4,11/25/2012 07:17:24,None of the above,0.5407,"ABC
http://t.co/E0SHEF6n

N/A","Obama lands in Atlantic City
Is a 'Hypercane' Possible

Obama lands in Atlantic City New Jersey to observe damage -ABC",Informative (Indirect),Obama lands in Atlantic City New Jersey to observe #Sandy damage -ABC,RT @Reuters: Obama lands in Atlantic City New Jersey to observe #Sandy damage -ABC,Information Source,,,muntakadabo,
227174076,false,finalized,3,11/24/2012 22:32:41,Look at this photo or these photos,1.0,"http://t.co/El0JSpLI
http://t.co/El0JSpLI
http://t.co/El0JSpLI","This photo of #Sandy
photo of #Sandy
Sandy",Informative (Indirect),"Damn!RT @fcfortune: RT @iamsiree: RT @damnitstrue: This photo of #Sandy looks straight from ""The ... http://t.co/El0JSpLI","RT @vee_nana: Damn!RT @fcfortune: RT @iamsiree: RT @damnitstrue: This photo of #Sandy looks straight from ""The ... http://t.co/El0JSpLI",Information Source,,,Noks009,
227174077,false,finalized,3,11/24/2012 22:43:46,Look at this photo or these photos,0.6903,"http://t.co/LQflUgKr
http://t.co/LQflUgKr
http://t.co/LQflUgKr","Hurricane Sandy from Space
Hurricane Sandy from Space
Hurricane Sandy",Informative (Indirect),Hurricane Sandy from Space http://t.co/LQflUgKr,RT @NewYorkPost: Hurricane Sandy from Space http://t.co/LQflUgKr,Information Source,,,olwynf,
227174078,false,finalized,3,11/24/2012 22:38:25,Look at this photo or these photos,1.0,"http://t.co/jEaP5n9e
http://t.co/jEaP5n9e
http://t.co/jEaP5n9e","amazing pic of #NYC with #Sandy coming
that amazing pic of #NYC with #Sandy coming
NYC with #Sandy",Informative (Indirect),If you haven't already seen that amazing pic of #NYC with #Sandy coming look now http://t.co/jEaP5n9e,RT @rebeccarumble: If you haven't already seen that amazing pic of #NYC with #Sandy coming look now http://t.co/jEaP5n9e,Information Source,,,ooleilaa,
227174079,false,finalized,3,11/24/2012 14:34:37,Look at this video or these videos,1.0,"http://t.co/L6l3QiRv
http://t.co/L6l3QiRv
http://t.co/L6l3QiRv","disastrous effects of Sandy on city's transportation system
disastrous effects of Sandy on city's transportation system
disastrous effects of Sandy on city's transportation system",Informative (Indirect),In stunning footage filmmaker for NYC's @MTAInsider shows disastrous effects of Sandy on city's transportation system http://t.co/L6l3QiRv,RT @indiewire: In stunning footage filmmaker for NYC's @MTAInsider shows disastrous effects of Sandy on city's transportation system http://t.co/L6l3QiRv,Information Source,,,peterknegt,
227174080,false,finalized,4,11/25/2012 07:17:24,Look at this photo or these photos,0.7636,"Memorable Sandy photos
http://t.co/NAxcI7Z
http://t.co/NAxcI7Zl
http://t.co/NAxcI7Zl","http://t.co/NAxcI7Zl
Sandy photos shared by NYC bystanders
Sandy
Memorable Sandy photos shared by NYC bystanders from last night",Informative (Indirect),Memorable Sandy photos shared by NYC bystanders from last night http://t.co/NAxcI7Zl h/t @lheron #Sandy,Memorable Sandy photos shared by NYC bystanders from last night http://t.co/NAxcI7Zl h/t @lheron #Sandy,Information Source,,,pgMila,
227174081,false,finalized,3,11/24/2012 05:37:19,Look at this web site/page,0.3911,"http://t.co/E0SHEF6n
http://t.co/E0SHEF6n
http://t.co/fPNelP3M","NASA Image of Sandy
Experts Ask: """"Is a 'Hypercane' Possible
Hurricane Sandy Turns NY Subways Into Ghost Town [PICS]",Informative (Indirect),"NASA Image of Sandy --Experts Ask: """"Is a 'Hypercane' Possible"""" http://t.co/E0SHEF6n","NASA Image of Sandy --Experts Ask: ""Is a 'Hypercane' Possible"" http://t.co/E0SHEF6n",Information Source,,,PTTU,
227174082,false,finalized,3,11/25/2012 07:17:24,Look at this photo or these photos,0.6519,"http://t.co/byIERmSV
http://t.co/byIERmSV
http://t.co/byIERmSV","graphic of Sandy damage
graphic of Sandy damage
This NYTimes graphic of Sandy damage is outstanding.",Informative (Indirect),This @NYTimes graphic of Sandy damage is outstanding. This is what the future of news looks like: http://t.co/byIERmSV,RT @sternbergh: This @NYTimes graphic of Sandy damage is outstanding. This is what the future of news looks like: http://t.co/byIERmSV,Information Source,,,pvt_idaho,
227174083,false,finalized,3,11/24/2012 22:32:41,Look at this video or these videos,0.4167,"http://t.co/RqidCs7W
http://t.co/RqidCs7W
http://t.co/RqidCs7W","Full uninterrupted coverage
Full uninterrupted coverage
sandy",Informative (Indirect),Full uninterrupted coverage at http://t.co/RqidCs7W #sandy #sandy nyc,Full uninterrupted coverage at http://t.co/RqidCs7W #sandy #sandy nyc,Information Source,,,QFinnerty,
227174084,false,finalized,3,11/24/2012 14:34:37,Look at this video or these videos,1.0,"http://t.co/5vldTf3m
http://t.co/5vldTf3m
http://t.co/5vldTf3m","damaged NYC subways
damaged NYC subways
What do damaged NYC subways look like inside?",Informative (Indirect),Absurd. Looks like Titanic MT @BloombergTV: What do damaged NYC subways look like inside? WATCH this dramatic footage: http://t.co/5vldTf3m,Absurd. Looks like Titanic MT @BloombergTV: What do damaged NYC subways look like inside? WATCH this dramatic footage: http://t.co/5vldTf3m,Information Source,,,RebeccaShabad,
227174085,false,finalized,3,11/24/2012 22:30:05,Look at this video or these videos,1.0,"http://t.co/7BX9dVx1
http://t.co/7BX9dVx1
http://t.co/7BX9dVx1","damaged NYC subways
dramatic MTA footage
NYC subways",Informative (Indirect),What do damaged NYC subways look like inside? WATCH this dramatic MTA footage: http://t.co/7BX9dVx1,RT @BloombergTV: What do damaged NYC subways look like inside? WATCH this dramatic MTA footage: http://t.co/7BX9dVx1,Information Source,,,Rezar14,
227174086,false,finalized,3,11/24/2012 05:48:52,Look at this video or these videos,0.3752,"http://t.co/TWKK0DtX
http://t.co/TWKK0DtX
http://t.co/TWKK0DtX","The most impressive pics and videos of Hurricane Sandy from space
pics and videos of Hurricane Sandy from space
impressive pics and videos of Hurricane Sandy from space",Informative (Indirect),The most impressive pics and videos of Hurricane Sandy from space http://t.co/TWKK0DtX,RT @wiredscience: The most impressive pics and videos of Hurricane Sandy from space http://t.co/TWKK0DtX,Information Source,,,safetylanguage,
227174087,false,finalized,3,11/24/2012 05:48:52,Look at this photo or these photos,0.3545,"http://t.co/W4D85xzz
http://t.co/W4D85xzz
http://t.co/W4D85xzz","President Obama visits New Jersey
President Obama visits New Jersey
Sandy: President Obama visits New Jersey",Informative (Indirect),BBC News - Sandy: President Obama visits New Jersey http://t.co/W4D85xzz,BBC News - Sandy: President Obama visits New Jersey http://t.co/W4D85xzz,Information Source,,,sammy29c,
227174088,false,finalized,3,11/24/2012 05:37:19,Look at this photo or these photos,0.6248,"http://t.co/fPNelP3M
http://t.co/fPNelP3M
http://t.co/eg7kzUQX","Eery images from the empty #NYC subways
Eery images from the empty #NYC subways
Here's the latest amazing and totally not-faked photo",Informative (Indirect),Eery images from the empty #NYC subways - http://t.co/fPNelP3M #sandy,RT @mashable: Eery images from the empty #NYC subways - http://t.co/fPNelP3M #sandy,Information Source,,,sempa14,
227174089,false,finalized,3,11/24/2012 05:37:19,Look at this photo or these photos,0.6648,"http://t.co/eg7kzUQX
http://t.co/eg7kzUQX
N/A","photo
latest amazing and totally not-faked photo of #Sandy approaching NYC
",Informative (Indirect),Here's the latest amazing and totally not-faked photo of #Sandy approaching NYC: http://t.co/eg7kzUQX,RT @garywhitta: Here's the latest amazing and totally not-faked photo of #Sandy approaching NYC: http://t.co/eg7kzUQX,Information Source,,,Sjosz,
227174090,false,finalized,3,11/25/2012 07:17:24,Look at this video or these videos,0.6314,"http://t.co/DDNXiGKP
http://t.co/DDNXiGKP
http://t.co/DDNXiGKP","webcam on top of the Statue of Liberty
webcam on top of the Statue of Liberty
Check out this webcam on top of the Statue of Liberty",Informative (Indirect),@theribman You should check out this webcam on top of the Statue of Liberty http://t.co/DDNXiGKP - See n hear #Sandy,@theribman You should check out this webcam on top of the Statue of Liberty http://t.co/DDNXiGKP - See n hear #Sandy,Information Source,,,SlowFoodKitchen,
227174091,false,finalized,3,11/24/2012 22:32:41,Look at this video or these videos,1.0,"http://t.co/0OX5cPzU
http://t.co/0OX5cPzU
http://t.co/0OX5cPzU","A time-lapse of the New York City sky
A time-lapse of the New York City sky during #Sandy
Sandy",Informative (Indirect),A time-lapse of the New York City sky during #Sandy. WATCH: http://t.co/0OX5cPzU /via @TheAtlantic @cubfancurt,RT @Alyssa_Milano: A time-lapse of the New York City sky during #Sandy. WATCH: http://t.co/0OX5cPzU /via @TheAtlantic @cubfancurt,Information Source,,,st3v3_h,
227174092,false,finalized,3,11/25/2012 00:36:26,Look at this web site/page,0.6648,"http://t.co/pzWEzMcp
http://t.co/pzWEzMcp
http://t.co/pzWEzMcp","My next update on NYC's response to #Sandy
update on NYC's response
update on NYC's response to #Sandy",Informative (Indirect),CORRECTION: My next update on NYC's response to #Sandy is at 10 am (10/30). Watch live at http://t.co/pzWEzMcp,RT @MikeBloomberg: CORRECTION: My next update on NYC's response to #Sandy is at 10 am (10/30). Watch live at http://t.co/pzWEzMcp,Information Source,,,StevieKnicks21,
227174093,false,finalized,3,11/24/2012 05:56:17,Look at this photo or these photos,1.0,"http://t.co/t88apVoO
http://t.co/t88apVoO
http://t.co/puT2dsID","Times Square
Times Square in #NYC has been abandoned
Hurricane Sandy's Destruction In New Jersey",Informative (Indirect),Times Square in #NYC has been abandoned because of hurricane #Sandy. The lights are still shining though. http://t.co/t88apVoO,RT @barrabest: Times Square in #NYC has been abandoned because of hurricane #Sandy. The lights are still shining though. http://t.co/t88apVoO,Information Source,,,SydooEoo,
227174094,false,finalized,3,11/25/2012 07:13:17,Look at this web site/page,1.0,"http://t.co/aT1ptvFP
http://t.co/aT1ptvFP
http://t.co/aT1ptvFP","Awesome interactive #Sandy map from Google
interactive #Sandy map from Google pinpointing emergency shelter traffic conditions and more
Awesome interactive map from Google pinpointing emergency shelter traffic conditions and more",Informative (Indirect),Awesome interactive #Sandy map from Google pinpointing emergency shelter traffic conditions and more: http://t.co/aT1ptvFP,RT @Slate: Awesome interactive #Sandy map from Google pinpointing emergency shelter traffic conditions and more: http://t.co/aT1ptvFP,Information Source,,,thomaspower,
227174095,false,finalized,3,11/24/2012 22:38:25,Look at this photo or these photos,0.6203,"http://t.co/puT2dsID
http://t.co/hpANdaW2
http://t.co/puT2dsID","25 Incredible Pictures Of Hurricane Sandy's Destruction In New Jersey
God speed folks! #sandy
25 Incredible Pictures Of Hurricane Sandy's Destruction",Informative (Indirect),25 Incredible Pictures Of Hurricane Sandy's Destruction In New Jersey http://t.co/puT2dsID via @buzzfeed,RT @ESPN_Colin: 25 Incredible Pictures Of Hurricane Sandy's Destruction In New Jersey http://t.co/puT2dsID via @buzzfeed,Information Source,,,tim_schoenfeld,
227174096,false,finalized,3,11/24/2012 14:34:37,Look at this photo or these photos,1.0,"http://t.co/mxQmxT03
http://t.co/mxQmxT03
http://t.co/mxQmxT03","photos
storm photo
this one has been confirmed as authentic #Sandy",Informative (Indirect),Lots of fake storm photos are circulating online but this one has been confirmed as authentic #Sandy http://t.co/mxQmxT03,RT @AnonIRC: Lots of fake storm photos are circulating online but this one has been confirmed as authentic #Sandy http://t.co/mxQmxT03,Information Source,,,TolgaDemirSTHLM,
227174097,false,finalized,3,11/24/2012 22:30:05,Look at this web site/page,0.6857,"http://t.co/twOezsla
http://t.co/twOezsla
http://t.co/twOezsla","Hurricane Sandy and The Flood
Hurricane Sandy and The Flood of Social Media Misinformation: Sandy came and went in D.C. without le...
D.C.",Informative (Indirect),Hurricane Sandy and The Flood of Social Media Misinformation: Sandy came and went in D.C. without le... http://t.co/twOezsla #ForbesTech,Hurricane Sandy and The Flood of Social Media Misinformation: Sandy came and went in D.C. without le... http://t.co/twOezsla #ForbesTech,Information Source,,,TopGuyMag,
227174098,false,finalized,3,11/24/2012 22:38:25,Look at this photo or these photos,1.0,"http://t.co/Cv3xBGDV
http://t.co/Cv3xBGDV
http://t.co/Cv3xBGDV","'Hurricane Sandy' approaching east coast
Frightening new radar pic of 'Hurricane Sandy' approaching east coast
radar pic of 'Hurricane Sandy",Informative (Indirect),Frightening new radar pic of 'Hurricane Sandy' approaching east coast... http://t.co/Cv3xBGDV,RT @SirGuyGisbourne: Frightening new radar pic of 'Hurricane Sandy' approaching east coast... http://t.co/Cv3xBGDV,Information Source,,,trouttp,
227174099,false,finalized,3,11/24/2012 22:35:28,Look at this web site/page,0.3592,"http://t.co/1V8okhjd
http://t.co/1V8okhjd
http://t.co/1V8okhjd","the Statue of Liberty
Ominous storm clouds above the Statue of Liberty
storm clouds",Informative (Indirect),Ominous storm clouds above the Statue of Liberty during #Sandy #NYC | http://t.co/1V8okhjd via @TIME,Ominous storm clouds above the Statue of Liberty during #Sandy #NYC | http://t.co/1V8okhjd via @TIME,Information Source,,,USA_Movement,
227174100,false,finalized,3,11/24/2012 22:43:46,Look at this photo or these photos,1.0,"http://t.co/mXyrs9AM
http://t.co/mXyrs9AM
http://t.co/mXyrs9AM","The Hurricane Sandy Aftermath
The Hurricane Sandy Aftermath
Hurricane Sandy Aftermath",Informative (Indirect),Photos: The Hurricane Sandy Aftermath: She came she saw she destroyed. http://t.co/mXyrs9AM #Sandy #P2 #Weather,RT @FLH57: Photos: The Hurricane Sandy Aftermath: She came she saw she destroyed. http://t.co/mXyrs9AM #Sandy #P2 #Weather,Information Source,,,wilfredphua,
